SR',Unit No.2,Status,Bldg,Floor,Type,Bedrooms,BUA,Terrace/Storage,Live unit price,Unit price with 10% Disc,Unit price with 30% Disc
1,A336,Available,A,Third,Clinic,,105,,18218000,16396200,12752600
2,A333A,Available,A,Third,Clinic,,95,,18099000,16289100,12669300
3,B112A,Available,B,First,Admin,,75,,15226000,13703400,10658200
4,B116C,Available,B,First,Admin,,118,,25057000,22551300,17539900
5,B120,Available,B,First,Admin,,97,,19390000,17451000,13573000
6,B301,Available,B,Third,Admin,,571,,112105000,100894500,78473500
7,B318,Available,B,Third,Admin,,122,,24532000,22078800,17172400
8,B320,Available,B,Third,Admin,,105,,20958000,18862200,14670600
9,D1-201,Available,D1,Second,Admin,,427,,83644000,75279600,58550800
10,D1-216,Available,D1,Second,Admin,,164,,32539000,29285100,22777300
11,D1-301,Available,D1,Third,Admin,,451,,88746000,79871400,62122200
12,D2-101,Available,D2,First,Admin,,89,,17962000,16165800,12573400
13,D2-106,Available,D2,First,Admin,,85,,17747000,15972300,12422900
14,D2-205,Available,D2,Second,Admin,,88,,18374000,16536600,12861800
15,D2-301,Available,D2,Third,Admin,,95,,19258000,17332200,13480600
16,D2-306,Available,D2,Third,Admin,,90,,18871000,16983900,13209700
17,D3-101,Available,D3,First,Admin,,84,,17427000,15684300,12198900
18,D3-106,Available,D3,First,Admin,,89,,17962000,16165800,12573400
19,D3-201,Available,D3,Second,Admin,,87,,18049000,16244100,12634300
20,D3-301,Available,D3,Third,Admin,,89,,18543000,16688700,12980100
21,D3-306,Available,D3,Third,Admin,,94,,19055000,17149500,13338500
22,E113,Available,E02,First,Clinic,,98,,16935000,15241500,11854500
23,E114,Available,E02,First,Clinic,,107,,18371000,16533900,12859700
24,E117,Available,E02,First,Clinic,,112,,19354000,17418600,13547800
25,E124,Available,E02,First,Clinic,,76,,14098000,12688200,9868600
26,E125,Available,E02,First,Clinic,,75,,13912000,12520800,9738400
27,E126,Available,E02,First,Clinic,,75,,13912000,12520800,9738400
28,E127,Available,E02,First,Clinic,,75,,13912000,12520800,9738400
115,D4-101,Available,D4,First,Admin,,89,,17962000,16165800,12573400
116,D4-107,Available,D4,First,Admin,,79,,16588000,14929200,11611600
117,D4-108,Available,D4,First,Admin,,56,,11576000,10418400,8103200
118,D4-109,Available,D4,First,Admin,,52,,10749000,9674100,7524300
119,D4-110,Available,D4,First,Admin,,109,,23340000,21006000,16338000
120,D4-115,Available,D4,First,Admin,,86,,17880000,16092000,12516000
121,D4-201,Available,D4,Second,Admin,,92,,18568000,16711200,12997600
122,D4-207,Available,D4,Second,Admin,,76,,15958000,14362200,11170600
123,D4-208,Available,D4,Second,Admin,,54,,11163000,10046700,7814100
124,D4-301,Available,D4,Third,Admin,,94,,19055000,17149500,13338500
125,D4-307,Available,D4,Third,Admin,,71,,14972000,13474800,10480400
126,D4-215,Available,D4,Second,Admin,,83,,17256000,15530400,12079200
127,D4-315,Available,D4,Third,Admin,,80,,16798000,15118200,11758600
128,E211,Available,E02,Second,Clinic,,79,,14247000,12822300,9972900
129,E212,Available,E02,Second,Clinic,,79,,13960000,12564000,9772000
130,E213,Available,E02,Second,Clinic,,103,,17684000,15915600,12378800
131,E214,Available,E02,Second,Clinic,,112,,19229000,17306100,13460300
132,E215,Available,E02,Second,Clinic,,78,,13718000,12346200,9602600
133,E216,Available,E02,Second,Clinic,,78,,13653000,12287700,9557100
134,E217,Available,E02,Second,Clinic,,118,,20391000,18351900,14273700
135,E218,Available,E02,Second,Clinic,,58,,11260000,10134000,7882000
136,E219,Available,E02,Second,Clinic,,51,,9660000,8694000,6762000
137,E222,Hold,E02,Second,Clinic,,52,,9849000,8864100,6894300
138,E223,Available,E02,Second,Clinic,,51,,9930000,8937000,6951000
139,E224,Available,E02,Second,Clinic,,74,,13727000,12354300,9608900
140,E225,Available,E02,Second,Clinic,,72,,13356000,12020400,9349200
141,E226,Available,E02,Second,Clinic,,72,,13356000,12020400,9349200
142,E227,Available,E02,Second,Clinic,,72,,13356000,12020400,9349200
143,E229,Available,E02,Second,Clinic,,72,,13476000,12128400,9433200
144,E230,Available,E02,Second,Clinic,,75,,14038000,12634200,9826600
145,E232,Available,E02,Second,Clinic,,66,,12169000,10952100,8518300
146,E233,Available,E02,Second,Clinic,,63,,11616000,10454400,8131200
147,E234,Available,E02,Second,Clinic,,72,,13476000,12128400,9433200
148,E235,Available,E02,Second,Clinic,,74,,14243000,12818700,9970100
152,A408,Hold,A01,Fourth,Admin,-,69,,14038000,12634200,9826600
153,A409,Hold,A01,Fourth,Admin,-,70,,14242000,12817800,9969400
154,A414,Available,A01,Fourth,Admin,-,70,,14117000,12705300,9881900
155,A415,Available,A01,Fourth,Admin,-,70,,14117000,12705300,9881900
156,A440A,Available,A01,Fourth,Admin,-,82,,16063000,14456700,11244100
157,A440B,Available,A01,Fourth,Admin,-,82,,15455000,13909500,10818500
158,A441A,Available,A01,Fourth,Admin,-,80,,15173000,13655700,10621100
159,A441B,Available,A01,Fourth,Admin,-,80,,15173000,13655700,10621100
160,A444A,Available,A01,Fourth,Admin,-,80,,15173000,13655700,10621100
161,A444B,Available,A01,Fourth,Admin,-,80,,15173000,13655700,10621100
162,A445,Available,A01,Fourth,Admin,-,213,,38629000,34766100,27040300
163,D3-404,Available,D3,Fourth,Admin,-,48,,9880000,8892000,6916000
164,D3-405,Available,D3,Fourth,Admin,-,48,,9880000,8892000,6916000
165,D3-409,Available,D3,Fourth,Admin,-,48,,9944000,8949600,6960800
166,D4-403,Available,D4,Fourth,Admin,-,49,,10086000,9077400,7060200
167,D4-404,Available,D4,Fourth,Admin,-,49,,10086000,9077400,7060200
168,D4-405,Available,D4,Fourth,Admin,-,48,,9880000,8892000,6916000
169,D4-408,Available,D4,Fourth,Admin,-,50,,10358000,9322200,7250600
170,D4-412,Available,D4,Fourth,Admin,-,48,,10029000,9026100,7020300
171,D4-413,Available,D4,Fourth,Admin,-,48,,10029000,9026100,7020300
172,ST03E-2,Available,ST,S.Level,Commercial,,115,,39123000,-,-
173,ST03C,Available,ST,S.Level,Commercial,,228,,76727700,-,-
174,ST03F,Available,ST,S.Level,Commercial,,153,,51408000,-,-
175,ST06,Available,ST,S.Level,Commercial,,183,,61488000,-,-
176,ST12,Available,ST,S.Level,Commercial,,147,,50010000,-,-
177,ST13,Available,ST,S.Level,Commercial,,147,,50010000,-,-
178,ST03A,Available,ST,S.Level,Commercial,,200,,68145000,-,-
179,ST03B,Available,ST,S.Level,Commercial,,267,,88731000,-,-
180,ST05,Available,ST,S.Level,Commercial,,70,,24108000,-,-
181,ST11,Available,ST,S.Level,Commercial,,150,,51030000,-,-
